SL.NO,Name,Age,City,Blood Group,Cardiologist,Audiologist,Dentist,ENT specialist,Gynaecologist,Orthopaedic surgeon,Paediatrician, Psychiatrists,Radiologist,Pulmonologist,Endocrinologist, Oncologist,Neurologist,Cardiothoracic surgeon,target
1,Mayuri Patil,23,Palghar,A+,0,0,1,1,1,0,0,1,0,0,0,0,0,0,1
2,Sangita Patil,46,Dhule,A+,0,0,1,0,1,1,0,0,1,0,0,0,0,1,1
3,Satyawan Nikam,38,Parola,A+,0,0,0,0,0,1,0,0,1,0,0,0,0,0,1
4,Nutan Nikam,31,Parola,AB+,0,0,0,0,1,0,0,0,1,0,0,0,0,0,1
5,Pramila Patil,63,Parola,A+,0,1,1,1,0,1,0,0,1,0,0,0,0,1,1
6,Aditya patil,10,Dhule,AB-,0,0,1,1,0,0,0,0,0,0,0,0,0,1,1
7,Pratik thakre,8,Dhule,B+,0,0,1,1,0,0,0,0,0,0,0,0,0,1,1
8,Utkarsh Patil,19,Belgaon,A+,0,0,1,1,0,1,0,1,1,0,0,0,0,0,1
9,Aasha Patil,56,Juwardi,A+,0,0,1,1,0,1,0,0,1,0,0,0,0,1,1
10,Bhagabai Patil,80,Juwardi,A+,0,0,1,0,0,1,0,0,1,0,1,0,0,0,1
11,Swati Nikam,31,Surat,A+,0,0,0,1,1,0,0,0,1,1,0,0,0,0,1
12,Sanvi Nikam,6,Surat,A+,0,0,1,0,0,0,1,0,1,0,0,0,0,0,1
13,Ojaswi Nikam,2,Surat,A+,0,0,0,0,0,0,1,0,1,0,0,0,0,0,1
14,Vijay Nikam,41,Surat,A+,1,1,0,1,0,1,0,0,1,0,1,0,0,1,1
15,Vijaya Birari,50,Juwardi,A+,1,0,0,0,0,1,0,0,1,1,1,0,0,0,1
16,Bhalchandra Birari,60,Juwardi,A+,1,1,0,1,0,1,0,0,1,0,1,0,0,0,1
17,Harshita Nair,22,Dadar,B+,0,0,1,1,1,0,0,0,1,0,1,0,0,0,1
18,Soma Nair,58,Dadar,B+,0,0,1,1,1,1,0,0,1,0,0,0,0,0,1
19,Ashoka Nair,60,Dadar,B+,0,0,0,0,0,0,0,0,0,0,0,0,0,0,1
20,Ashwin Nair,24,Dadar,B+,0,0,1,0,0,1,0,0,1,0,0,0,0,0,1
21,Dadabhau Patil,43,Dhule,A+,1,1,1,1,0,1,0,0,1,1,0,0,0,1,1
22,Sunil Patil,52,Dhule,A+,1,1,1,1,0,1,0,0,1,0,1,0,0,1,1
23,Gauri Patil,35,Dhule,AB-,0,0,0,1,1,1,0,0,1,1,0,0,0,0,1
24,Yug Patil,4,Dhule,AB-,0,0,0,0,0,0,1,0,1,0,0,0,0,0,1
25,Siddhant Jain,25,Mumbai,O+,0,0,1,0,0,0,0,1,1,1,0,0,0,0,1
26,Shalini Jain,51,Mumbai,o+,0,0,0,0,0,0,0,0,0,0,1,0,0,0,1
27,Yugal Jain,55,Mumbai,O+,0,0,1,0,0,1,0,0,1,0,0,0,0,0,1
28,Nupur Jain,38,Indore,O+,0,0,0,0,1,0,0,0,1,0,0,0,0,0,1
29,Sourav Patidar,25,Mumbai,O+,0,0,1,0,0,1,0,0,1,0,0,0,0,0,1
30,Hetwik jain,2,Indor,A+,0,0,1,0,0,0,1,0,0,0,0,0,0,0,1
31,Sagar Wagh,28,Buldhana,B+,0,0,1,0,0,0,0,0,0,0,0,0,0,0,1
32,Gayatri Patil,26,Buldhana,A+,0,0,0,1,1,0,0,0,1,0,0,0,0,0,1
33,Gaurav Rahane,24,Nahik,O+,0,0,1,0,0,1,0,0,1,0,0,0,0,0,1
34,Sanjay Rahane,56,Nashik,O+,1,0,0,1,0,0,0,0,0,0,1,0,0,0,1
35,Mina Rahane,56,Nashik,AB+,0,0,1,1,1,1,0,0,0,0,1,0,0,0,1
36,Vinaya Rahane,26,Navi Mumbai,O+,0,0,0,1,1,0,0,0,1,0,1,0,0,0,1
37,Milind Wagh,31,Nashik,O+,1,0,0,0,0,0,0,0,0,0,0,0,0,0,1
38,Varsha Wagh,26,Nashik,A+,0,0,0,0,1,0,0,0,1,0,0,0,0,0,1
39,Sarvadnya Wagh,4,Nashik,A+,1,0,0,0,0,0,1,0,0,0,0,0,0,0,1
40,Rekha Wagh,54,Chalisgaon,A+,0,1,1,1,0,1,0,0,1,0,0,0,0,0,1
41,Snehal,23,Thane,B+ve,0,0,0,0,1,0,0,0,0,0,0,0,0,0,1
42,Nisha Patil,33,Dhule,O+,0,0,1,1,1,0,0,0,1,0,0,0,0,0,1
43,Shobhit Patil,8,Dhule,B+,0,0,0,0,0,0,1,0,0,0,0,0,0,0,1
44,Avinish Patil,12,Dhule,B+,0,0,0,0,0,0,0,0,0,0,0,0,0,0,1
45,Nitin patil,43,Dhule,B+,1,0,1,0,0,0,0,0,1,1,1,0,0,0,1
46,Hemlata Thakre,40,Dhule,AB+,0,0,1,0,1,1,0,0,1,0,0,0,0,0,1
47,Shravani Thakre,15,Dhule,B+,0,0,0,0,0,0,0,0,0,0,0,0,0,0,1
48,Ashok Thakre,51,Dhule,B+,1,0,1,0,0,1,0,0,1,1,0,0,0,0,1
49,Rritwik Thakre,18,Dhule,B+,0,0,0,1,0,0,0,0,0,0,0,0,0,0,1
50,Pallavi,24,Pachora,B+ve,0,0,1,1,1,0,0,0,0,0,0,0,0,0,1
51,Sanjay,55,Thane,B+ve,1,0,1,1,0,1,0,0,0,0,0,0,0,1,1
52,Usha Patil,38,Juwardi,B+,0,0,1,0,1,0,0,0,1,0,0,0,0,0,1
53,Lokesh Patil,15,Juwardi,B+,0,0,0,0,0,0,0,0,1,0,0,0,0,0,1
54,Vikas Patil,48,Juwardi,A+,0,1,0,1,0,0,0,0,1,0,0,0,0,1,1
55,Purva Chaudhari,22,Mumbai,B +ve,0,0,1,1,0,0,0,0,0,0,0,0,1,1,1
56,YOGENDRA SUNIL JADHAV,23,Palghar,A+,0,0,1,1,1,0,0,1,0,0,0,0,0,0,1
57,DEORE YUVRAJ VISHNU,46,Dhule,A+,0,0,1,0,1,1,0,0,1,0,0,0,0,1,1
58,Arnav Sharad Shirude,38,Parola,A+,0,0,0,0,0,1,0,0,1,0,0,0,0,0,1
59,GAURAV CHANDRAKANT GAWALI,31,Parola,AB+,0,0,0,0,1,0,0,0,1,0,0,0,0,0,1
60,SANSKRUTI SANJAY OZARKAR,63,Parola,A+,0,1,1,1,0,1,0,0,1,0,0,0,0,1,1
61,PRINKAL PANDIT CHAURE,10,Dhule,AB-,0,0,1,1,0,0,0,0,0,0,0,0,0,1,1
62,CHETAN DILIP PAWARA,8,Dhule,B+,0,0,1,1,0,0,0,0,0,0,0,0,0,1,1
63,YASH ANILKUMAR PAWARA,19,Belgaon,A+,0,0,1,1,0,1,0,1,1,0,0,0,0,0,1
64,KHUSHI YOGESH NIKUMBH,56,Juwardi,A+,0,0,1,1,0,1,0,0,1,0,0,0,0,1,1
65,YASHITA BHALCHANDRA JIRE,80,Juwardi,A+,0,0,1,0,0,1,0,0,1,0,1,0,0,0,1
66,SHIVAM SHARAD KASAR,31,Surat,A+,0,0,0,1,1,0,0,0,1,1,0,0,0,0,1
67,DNYANESHWAR HANUMANT ANDHALE,6,Surat,A+,0,0,1,0,0,0,1,0,1,0,0,0,0,0,1
68,KALYANEE BHAVASING GIRASE,2,Surat,A+,0,0,0,0,0,0,1,0,1,0,0,0,0,0,1
69,HARSHANGI ANIL JADHAV,41,Surat,A+,1,1,0,1,0,1,0,0,1,0,1,0,0,1,1
70,VIJAY LAXMAN PAWARA,50,Juwardi,A+,1,0,0,0,0,1,0,0,1,1,1,0,0,0,1
71,RITESH MADARAM PAWARA,60,Juwardi,A+,1,1,0,1,0,1,0,0,1,0,1,0,0,0,1
72,SONAKSHI RAJENDRA BIRHADE,22,Dadar,B+,0,0,1,1,1,0,0,0,1,0,1,0,0,0,1
73,BHAVESH RAVINDRA MORE,58,Dadar,B+,0,0,1,1,1,1,0,0,1,0,0,0,0,0,1
74,HARSHAD SUNIL WANKHEDE,60,Dadar,B+,0,0,0,0,0,0,0,0,0,0,0,0,0,0,1
75,SAVIDHA YOGESH SALAVE,24,Dadar,B+,0,0,1,0,0,1,0,0,1,0,0,0,0,0,1
76,SUYOG ISHWAR PATIL,43,Dhule,A+,1,1,1,1,0,1,0,0,1,1,0,0,0,1,1
77,ADITYA VASANT MASULE,52,Dhule,A+,1,1,1,1,0,1,0,0,1,0,1,0,0,1,1
78,ANUSHKA NILESH SHEWALE,35,Dhule,AB-,0,0,0,1,1,1,0,0,1,1,0,0,0,0,1
79,DEORE TANMAY SATISH,4,Dhule,AB-,0,0,0,0,0,0,1,0,1,0,0,0,0,0,1
80,PRATHMESH RAJESH BAGUL,25,Mumbai,O+,0,0,1,0,0,0,0,1,1,1,0,0,0,0,1
81,KULDIP GIRISH SHIMPI,51,Mumbai,o+,0,0,0,0,0,0,0,0,0,0,1,0,0,0,1
82,AARYA YOGESH SONAR,55,Mumbai,O+,0,0,1,0,0,1,0,0,1,0,0,0,0,0,1
83,HARSH RAKESH GURAV,38,Indore,O+,0,0,0,0,1,0,0,0,1,0,0,0,0,0,1
84,SNEHA VASANT VASAVE,25,Mumbai,O+,0,0,1,0,0,1,0,0,1,0,0,0,0,0,1
85,MITALI CHANDRAKANT BHOYE,2,Indor,A+,0,0,1,0,0,0,1,0,0,0,0,0,0,0,1
86,HITEN DINESH BAGUL,28,Buldhana,B+,0,0,1,0,0,0,0,0,0,0,0,0,0,0,1
87,TEJAS DEVIDAS PADVI,26,Buldhana,A+,0,0,0,1,1,0,0,0,1,0,0,0,0,0,1
88,SURESH RAJESH KOTWAL,24,Nahik,O+,0,0,1,0,0,1,0,0,1,0,0,0,0,0,1
89,SARVESH RAKESH PADAVI,56,Nashik,O+,1,0,0,1,0,0,0,0,0,0,1,0,0,0,1
90,ARYA DARASING TADAVI,56,Nashik,AB+,0,0,1,1,1,1,0,0,0,0,1,0,0,0,1
91,ISHAN HANUK BHADLE,26,Navi Mumbai,O+,0,0,0,1,1,0,0,0,1,0,1,0,0,0,1
92,GHANSHYAM MANOHAR VALVI,31,Nashik,O+,1,0,0,0,0,0,0,0,0,0,0,0,0,0,1
93,RUGVED BALASAHEB BORSE,26,Nashik,A+,0,0,0,0,1,0,0,0,1,0,0,0,0,0,1
94,SWARA PRAVIN PATIL,4,Nashik,A+,1,0,0,0,0,0,1,0,0,0,0,0,0,0,1
95,AASHAY VIRENDRA BEDSE,54,Chalisgaon,A+,0,1,1,1,0,1,0,0,1,0,0,0,0,0,1
96,JAYESH PRAMOD PATIL,23,Thane,B+ve,0,0,0,0,1,0,0,0,0,0,0,0,0,0,1
97, GANGURDE AJINKYA PRAMOD,33,Dhule,O+,0,0,1,1,1,0,0,0,1,0,0,0,0,0,1
98,KRISHNA ATUL DEV,8,Dhule,B+,0,0,0,0,0,0,1,0,0,0,0,0,0,0,1
99,RATNAMALA PANDURANG THAKARE,12,Dhule,B+,0,0,0,0,0,0,0,0,0,0,0,0,0,0,1
100,URJITA GAWARLAL PAWAR,43,Dhule,B+,1,0,1,0,0,0,0,0,1,1,1,0,0,0,1
101,ATHARV JAGDISH DUDAVE,40,Dhule,AB+,0,0,1,0,1,1,0,0,1,0,0,0,0,0,1
102,VEDANT JAGDISH CHAUDHARI,15,Dhule,B+,0,0,0,0,0,0,0,0,0,0,0,0,0,0,1
103,ADITI SANJOG JOGI,51,Dhule,B+,1,0,1,0,0,1,0,0,1,1,0,0,0,0,1
104,VEDANT SAMBHAJI ANDHALE,18,Dhule,B+,0,0,0,1,0,0,0,0,0,0,0,0,0,0,1
105,CHAITALI SOMNATH PAWAR,24,Pachora,B+ve,0,0,1,1,1,0,0,0,0,0,0,0,0,0,1
106,BHAGYESH DIPAK PARDESHI,55,Thane,B+ve,1,0,1,1,0,1,0,0,0,0,0,0,0,1,1
107,HEMANGI BHARAT MALI,38,Juwardi,B+,0,0,1,0,1,0,0,0,1,0,0,0,0,0,1
108,RADHIKA RAKESH PAWARA,15,Juwardi,B+,0,0,0,0,0,0,0,0,1,0,0,0,0,0,1
109,DHAMMRAJ BHIMRAO PAGARE,48,Juwardi,A+,0,1,0,1,0,0,0,0,1,0,0,0,0,1,1
110,ATHANSH MILINDRAJE BARDE,22,Mumbai,B +ve,0,0,1,1,0,0,0,0,0,0,0,0,1,1,1
111,SAKSHI MUKESH NIKAM,23,Palghar,A+,0,0,1,1,1,0,0,1,0,0,0,0,0,0,1
112,KSHITIJ SANJAY DHIVARE,46,Dhule,A+,0,0,1,0,1,1,0,0,1,0,0,0,0,1,1
113,CHETAN DINESH BIRHADE,38,Parola,A+,0,0,0,0,0,1,0,0,1,0,0,0,0,0,1
114,KAJAL DIPAK GUJAR,31,Parola,AB+,0,0,0,0,1,0,0,0,1,0,0,0,0,0,1
115,BIRARI GAURAV VIJAY,63,Parola,A+,0,1,1,1,0,1,0,0,1,0,0,0,0,1,1
116,SARTHAK SANDEEP AKLADE,10,Dhule,AB-,0,0,1,1,0,0,0,0,0,0,0,0,0,1,1
117,ANURAG CHETAN SHIMPI,8,Dhule,B+,0,0,1,1,0,0,0,0,0,0,0,0,0,1,1
118,ADITYA PANKAJ PATIL,19,Belgaon,A+,0,0,1,1,0,1,0,1,1,0,0,0,0,0,1
119,TANUSHKA ABHIJIT SHISODE,56,Juwardi,A+,0,0,1,1,0,1,0,0,1,0,0,0,0,1,1
120,SIDDHESH JITENDRA JADHAV,80,Juwardi,A+,0,0,1,0,0,1,0,0,1,0,1,0,0,0,1
121,SAYALEE BHAIDAS PAWAR,31,Surat,A+,0,0,0,1,1,0,0,0,1,1,0,0,0,0,1
122,ADITYA GOKUL AHIRE ,6,Surat,A+,0,0,1,0,0,0,1,0,1,0,0,0,0,0,1
123,SHRAVANI SHRIHARI GAVALI,2,Surat,A+,0,0,0,0,0,0,1,0,1,0,0,0,0,0,1
124,NACHIKET RATILAL GAVIT,41,Surat,A+,1,1,0,1,0,1,0,0,1,0,1,0,0,1,1
125,CHETAN SHRAWAN GAVIT,50,Juwardi,A+,1,0,0,0,0,1,0,0,1,1,1,0,0,0,1
126,DIVYA KASHIRAM PAWARA,60,Juwardi,A+,1,1,0,1,0,1,0,0,1,0,1,0,0,0,1
127,ABHINAV AAPSING PAWARA,22,Dadar,B+,0,0,1,1,1,0,0,0,1,0,1,0,0,0,1
128,KUNAL RAJENDRA BAGUL,58,Dadar,B+,0,0,1,1,1,1,0,0,1,0,0,0,0,0,1
129,KABIR RAKESH PAWARA,60,Dadar,B+,0,0,0,0,0,0,0,0,0,0,0,0,0,0,1
130,TANUSHRI GANGARAM CHAURE,24,Dadar,B+,0,0,1,0,0,1,0,0,1,0,0,0,0,0,1
131,�RITU RAJ,43,Dhule,A+,1,1,1,1,0,1,0,0,1,1,0,0,0,1,1
132,Aarohi Shukla ,52,Dhule,A+,1,1,1,1,0,1,0,0,1,0,1,0,0,1,1
133,Aditya Ramchandra Suryawanshi,35,Dhule,AB-,0,0,0,1,1,1,0,0,1,1,0,0,0,0,1
134,Ajay Devidas Suryawanshi,4,Dhule,AB-,0,0,0,0,0,0,1,0,1,0,0,0,0,0,1
135,Anushka Pankaj Salve,25,Mumbai,O+,0,0,1,0,0,0,0,1,1,1,0,0,0,0,1
136,Chirantan Dhanraj Rajput,51,Mumbai,o+,0,0,0,0,0,0,0,0,0,0,1,0,0,0,1
137,Diksha Dhavalu  Gawali,55,Mumbai,O+,0,0,1,0,0,1,0,0,1,0,0,0,0,0,1
138,Dipak Anil Sonawane,38,Indore,O+,0,0,0,0,1,0,0,0,1,0,0,0,0,0,1
139,Harshkumar Anil Gawali,25,Mumbai,O+,0,0,1,0,0,1,0,0,1,0,0,0,0,0,1
140,Hemanshu Mangal Patil,2,Indor,A+,0,0,1,0,0,0,1,0,0,0,0,0,0,0,1
141,Jidnyasa Balasaheb Nalawade,28,Buldhana,B+,0,0,1,0,0,0,0,0,0,0,0,0,0,0,1
142,Jignesh Pravin Mali,26,Buldhana,A+,0,0,0,1,1,0,0,0,1,0,0,0,0,0,1
143,Khushi Ravindra Marathe,24,Nahik,O+,0,0,1,0,0,1,0,0,1,0,0,0,0,0,1
144,Kunal Prashant Jadhav,56,Nashik,O+,1,0,0,1,0,0,0,0,0,0,1,0,0,0,1
145,Mayuri Laxman Bagul,56,Nashik,AB+,0,0,1,1,1,1,0,0,0,0,1,0,0,0,1
146,Mohit Sanjay Panpatil,26,Navi Mumbai,O+,0,0,0,1,1,0,0,0,1,0,1,0,0,0,1
147,Nahush Anand Saindane,31,Nashik,O+,1,0,0,0,0,0,0,0,0,0,0,0,0,0,1
148,Nayan Mahendra Kotkar,26,Nashik,A+,0,0,0,0,1,0,0,0,1,0,0,0,0,0,1
149,Nikhil Rajendra Suryavanshi,4,Nashik,A+,1,0,0,0,0,0,1,0,0,0,0,0,0,0,1
150,Piyush Ambarsing Pawar,54,Chalisgaon,A+,0,1,1,1,0,1,0,0,1,0,0,0,0,0,1
151,Pranjal Tanagi Jagtap,23,Thane,B+ve,0,0,0,0,1,0,0,0,0,0,0,0,0,0,1
152,Pranvi Deepak Desale,33,Dhule,O+,0,0,1,1,1,0,0,0,1,0,0,0,0,0,1
153,Pratiksha Shalgmsing Pawara,8,Dhule,B+,0,0,0,0,0,0,1,0,0,0,0,0,0,0,1
154,Prashant Pradip Chaure ,12,Dhule,B+,0,0,0,0,0,0,0,0,0,0,0,0,0,0,1
155,Priyanka Rakesh Pawara,43,Dhule,B+,1,0,1,0,0,0,0,0,1,1,1,0,0,0,1
156,Ruchita Shivaji Teli,40,Dhule,AB+,0,0,1,0,1,1,0,0,1,0,0,0,0,0,1
157,Sahil Sega Kuwar,15,Dhule,B+,0,0,0,0,0,0,0,0,0,0,0,0,0,0,1
158,Saloni Sampat Suryawanshi,51,Dhule,B+,1,0,1,0,0,1,0,0,1,1,0,0,0,0,1
159,Saloni Sunil Mavali,18,Dhule,B+,0,0,0,1,0,0,0,0,0,0,0,0,0,0,1
160,Sayali Sachin Bhadane,24,Pachora,B+ve,0,0,1,1,1,0,0,0,0,0,0,0,0,0,1
161,Shravani Vishal Salunke,55,Thane,B+ve,1,0,1,1,0,1,0,0,0,0,0,0,0,1,1
162,Shravani Rakesh Patil,38,Juwardi,B+,0,0,1,0,1,0,0,0,1,0,0,0,0,0,1
163,Shweta Chintaman Pawar,15,Juwardi,B+,0,0,0,0,0,0,0,0,1,0,0,0,0,0,1
164,Sneh Vijaykumar Nikam,48,Juwardi,A+,0,1,0,1,0,0,0,0,1,0,0,0,0,1,1
165,Sumit Arun Jadhav,22,Mumbai,B +ve,0,0,1,1,0,0,0,0,0,0,0,0,1,1,1
166,Sonali Madhukar Bagul ,23,Palghar,A+,0,0,1,1,1,0,0,1,0,0,0,0,0,0,0
167,Tejswani Padam Paradake,46,Dhule,A+,0,0,1,0,1,1,0,0,1,0,0,0,0,1,0
168,Utkarsh Pankaj Ahire,38,Parola,A+,0,0,0,0,0,1,0,0,1,0,0,0,0,0,0
169,Utkarsh Ashok Patil ,31,Parola,AB+,0,0,0,0,1,0,0,0,1,0,0,0,0,0,0
170,Vaibhav Shivdas Ahire,63,Parola,A+,0,1,1,1,0,1,0,0,1,0,0,0,0,1,0
171,Vedant Manoj Chaudhari,10,Dhule,AB-,0,0,1,1,0,0,0,0,0,0,0,0,0,1,0
172,Vishal Sayabu Pawara,8,Dhule,B+,0,0,1,1,0,0,0,0,0,0,0,0,0,1,0
173,Aditya Sachin Ekhande,19,Belgaon,A+,0,0,1,1,0,1,0,1,1,0,0,0,0,0,0
174,Anay Suyog Bhadane,56,Juwardi,A+,0,0,1,1,0,1,0,0,1,0,0,0,0,1,0
175,Anuj Ashish Kothawade,80,Juwardi,A+,0,0,1,0,0,1,0,0,1,0,1,0,0,0,0
176,Anushri Sachin Patil ,31,Surat,A+,0,0,0,1,1,0,0,0,1,1,0,0,0,0,0
177,Bhavika Dipak patil,6,Surat,A+,0,0,1,0,0,0,1,0,1,0,0,0,0,0,0
178,Bhumika Anil kankhar,2,Surat,A+,0,0,0,0,0,0,1,0,1,0,0,0,0,0,0
179,Chaitanya Pankaj Patil,41,Surat,A+,1,1,0,1,0,1,0,0,1,0,1,0,0,1,0
180,Digvijay Chhotu Jopale,50,Juwardi,A+,1,0,0,0,0,1,0,0,1,1,1,0,0,0,0
181,Gayatri Dhirsing Padavi,60,Juwardi,A+,1,1,0,1,0,1,0,0,1,0,1,0,0,0,0
182,Harsh Shirin Kumar Ahire,22,Dadar,B+,0,0,1,1,1,0,0,0,1,0,1,0,0,0,0
183,Jayesh Ramakant Salunke,58,Dadar,B+,0,0,1,1,1,1,0,0,1,0,0,0,0,0,0
184,Kamlesh Gopal Mondal,60,Dadar,B+,0,0,0,0,0,0,0,0,0,0,0,0,0,0,0
185,Madhuri Bharat Mali,24,Dadar,B+,0,0,1,0,0,1,0,0,1,0,0,0,0,0,0
186,Mukesh Anil Pawara,43,Dhule,A+,1,1,1,1,0,1,0,0,1,1,0,0,0,1,0
187,Naitik Umesh Patil,52,Dhule,A+,1,1,1,1,0,1,0,0,1,0,1,0,0,1,0
188,Nikhil Anna Dudhave,35,Dhule,AB-,0,0,0,1,1,1,0,0,1,1,0,0,0,0,0
189,Pankaj Balchandra Koli,4,Dhule,AB-,0,0,0,0,0,0,1,0,1,0,0,0,0,0,0
190,Pari Surendra Pardeshi,25,Mumbai,O+,0,0,1,0,0,0,0,1,1,1,0,0,0,0,0
191,Prachi Umakant Desale,51,Mumbai,o+,0,0,0,0,0,0,0,0,0,0,1,0,0,0,0
192,Priti Kailas Ahire,55,Mumbai,O+,0,0,1,0,0,1,0,0,1,0,0,0,0,0,0
193,Riya Ashok Desale,38,Indore,O+,0,0,0,0,1,0,0,0,1,0,0,0,0,0,0
194,Roshani Subharam Pawara,25,Mumbai,O+,0,0,1,0,0,1,0,0,1,0,0,0,0,0,0
195,Rudraksh Arun Bachhav,2,Indor,A+,0,0,1,0,0,0,1,0,0,0,0,0,0,0,0
196,Rutuja Rajesh Randhir,28,Buldhana,B+,0,0,1,0,0,0,0,0,0,0,0,0,0,0,0
197,Samruddhi  Wankhade,26,Buldhana,A+,0,0,0,1,1,0,0,0,1,0,0,0,0,0,0
198,Sanjivani Sanjay Borse ,24,Nahik,O+,0,0,1,0,0,1,0,0,1,0,0,0,0,0,0
199,Sanket Hemant Desale,56,Nashik,O+,1,0,0,1,0,0,0,0,0,0,1,0,0,0,0
200,Sanket Shaligram Bachhav,56,Nashik,AB+,0,0,1,1,1,1,0,0,0,0,1,0,0,0,0
201,Siddhesh Lalit Shinde,26,Navi Mumbai,O+,0,0,0,1,1,0,0,0,1,0,1,0,0,0,0
202,Siddhesh Prakash Shinde,31,Nashik,O+,1,0,0,0,0,0,0,0,0,0,0,0,0,0,0
203,Soniya Satish Sonawane,26,Nashik,A+,0,0,0,0,1,0,0,0,1,0,0,0,0,0,0
204,Tanishka Brijesh Sawant,4,Nashik,A+,1,0,0,0,0,0,1,0,0,0,0,0,0,0,0
205,Tanmay Kishor Desale,54,Chalisgaon,A+,0,1,1,1,0,1,0,0,1,0,0,0,0,0,0
206,Ujjawal Vasant Mane,23,Thane,B+ve,0,0,0,0,1,0,0,0,0,0,0,0,0,0,0
207,Vaibhav Bhaskar Pawar,33,Dhule,O+,0,0,1,1,1,0,0,0,1,0,0,0,0,0,0
208,Vaishnavi Yogesh Pawar,8,Dhule,B+,0,0,0,0,0,0,1,0,0,0,0,0,0,0,0
209,Vandeet Prashant Bhavsar,12,Dhule,B+,0,0,0,0,0,0,0,0,0,0,0,0,0,0,0
210,Vanesh Appasing Pawara,43,Dhule,B+,1,0,1,0,0,0,0,0,1,1,1,0,0,0,0
211,Vrushabh Sanjay Bhamre,40,Dhule,AB+,0,0,1,0,1,1,0,0,1,0,0,0,0,0,0
212,Yogeshwari Sunil Thavil,15,Dhule,B+,0,0,0,0,0,0,0,0,0,0,0,0,0,0,0
213,ADITYA PATIL,51,Dhule,B+,1,0,1,0,0,1,0,0,1,1,0,0,0,0,0
214,ADITI BHAMARE,18,Dhule,B+,0,0,0,1,0,0,0,0,0,0,0,0,0,0,0
215,AKANKSHA MAVCHI,24,Pachora,B+ve,0,0,1,1,1,0,0,0,0,0,0,0,0,0,0
216,ANJALI LOHAR,55,Thane,B+ve,1,0,1,1,0,1,0,0,0,0,0,0,0,1,0
217,AVINISH PATIL,38,Juwardi,B+,0,0,1,0,1,0,0,0,1,0,0,0,0,0,0
218,BHAVESH CHAURE,15,Juwardi,B+,0,0,0,0,0,0,0,0,1,0,0,0,0,0,0
219,BHUMIKA PATEL,48,Juwardi,A+,0,1,0,1,0,0,0,0,1,0,0,0,0,1,0
220,DIPAK CHARAN,22,Mumbai,B +ve,0,0,1,1,0,0,0,0,0,0,0,0,1,1,0
221,DIPIKA PAWARA,23,Palghar,A+,0,0,1,1,1,0,0,1,0,0,0,0,0,0,0
222,HARSHADA RAJPUT,46,Dhule,A+,0,0,1,0,1,1,0,0,1,0,0,0,0,1,0
223,HARSHIT CHAUDHARI,38,Parola,A+,0,0,0,0,0,1,0,0,1,0,0,0,0,0,0
224,HEMANT ALHAT,31,Parola,AB+,0,0,0,0,1,0,0,0,1,0,0,0,0,0,0
225,HINDVI NILE,63,Parola,A+,0,1,1,1,0,1,0,0,1,0,0,0,0,1,0
226,JAYESH SONAWANE,10,Dhule,AB-,0,0,1,1,0,0,0,0,0,0,0,0,0,1,0
227,JAYDEEP PATIL,8,Dhule,B+,0,0,1,1,0,0,0,0,0,0,0,0,0,1,0
228,KANIKSHA PAWARA,19,Belgaon,A+,0,0,1,1,0,1,0,1,1,0,0,0,0,0,0
229,KHUSHAL PATIL,56,Juwardi,A+,0,0,1,1,0,1,0,0,1,0,0,0,0,1,0
230,KRUSHNA PAWARA,80,Juwardi,A+,0,0,1,0,0,1,0,0,1,0,1,0,0,0,0
231,MAYUR DHIVARE,31,Surat,A+,0,0,0,1,1,0,0,0,1,1,0,0,0,0,0
232,MAYUR BHOSALE,6,Surat,A+,0,0,1,0,0,0,1,0,1,0,0,0,0,0,0
233,NANDINI CHAURE,2,Surat,A+,0,0,0,0,0,0,1,0,1,0,0,0,0,0,0
234,NIRAJ CHAVAN,41,Surat,A+,1,1,0,1,0,1,0,0,1,0,1,0,0,1,0
235,OM RANE,50,Juwardi,A+,1,0,0,0,0,1,0,0,1,1,1,0,0,0,0
236,PRADNESH CHAURE,60,Juwardi,A+,1,1,0,1,0,1,0,0,1,0,1,0,0,0,0
237,PRAJAKTA BAHIRAM,22,Dadar,B+,0,0,1,1,1,0,0,0,1,0,1,0,0,0,0
238,PRANJAL PAWAR,58,Dadar,B+,0,0,1,1,1,1,0,0,1,0,0,0,0,0,0
239,ROSHAN PAWARA,60,Dadar,B+,0,0,0,0,0,0,0,0,0,0,0,0,0,0,0
240,ROSHANI BHAMARE,24,Dadar,B+,0,0,1,0,0,1,0,0,1,0,0,0,0,0,0
241,SANDESH SONAWANE,43,Dhule,A+,1,1,1,1,0,1,0,0,1,1,0,0,0,1,0
242,SHARMAN JAIN,52,Dhule,A+,1,1,1,1,0,1,0,0,1,0,1,0,0,1,0
243,SUMEDH AHIRE,35,Dhule,AB-,0,0,0,1,1,1,0,0,1,1,0,0,0,0,0
244,SUJATA BAHIRAM,4,Dhule,AB-,0,0,0,0,0,0,1,0,1,0,0,0,0,0,0
245,SUDARSHAN SHIROLE,25,Mumbai,O+,0,0,1,0,0,0,0,1,1,1,0,0,0,0,0
246,TANUJA GANGURDE,51,Mumbai,o+,0,0,0,0,0,0,0,0,0,0,1,0,0,0,0
247,TANMAY BHADANE,55,Mumbai,O+,0,0,1,0,0,1,0,0,1,0,0,0,0,0,0
248,TANUJA  PAWARA,38,Indore,O+,0,0,0,0,1,0,0,0,1,0,0,0,0,0,0
249,TEJAS PATIL,25,Mumbai,O+,0,0,1,0,0,1,0,0,1,0,0,0,0,0,0
250,TEJAS SHINDE,2,Indor,A+,0,0,1,0,0,0,1,0,0,0,0,0,0,0,0
251,TUSHAR SURYAWANSHI,28,Buldhana,B+,0,0,1,0,0,0,0,0,0,0,0,0,0,0,0
252,UTKARSHA VALVI,26,Buldhana,A+,0,0,0,1,1,0,0,0,1,0,0,0,0,0,0
253,VAIBHAV BAHIRAM,24,Nahik,O+,0,0,1,0,0,1,0,0,1,0,0,0,0,0,0
254,ADHAYAN SHINDE,56,Nashik,O+,1,0,0,1,0,0,0,0,0,0,1,0,0,0,0
255,ADITYA RAJPUT,56,Nashik,AB+,0,0,1,1,1,1,0,0,0,0,1,0,0,0,0
256,AMOL JADHAV,26,Navi Mumbai,O+,0,0,0,1,1,0,0,0,1,0,1,0,0,0,0
257,AMRAPALI SURYAWANSHI,31,Nashik,O+,1,0,0,0,0,0,0,0,0,0,0,0,0,0,0
258,ARYA AGALE,26,Nashik,A+,0,0,0,0,1,0,0,0,1,0,0,0,0,0,0
259,ASHISH GAWALI,4,Nashik,A+,1,0,0,0,0,0,1,0,0,0,0,0,0,0,0
260,ASHWINI CHAURE,54,Chalisgaon,A+,0,1,1,1,0,1,0,0,1,0,0,0,0,0,0
261,ASHMITA PATOLE,23,Thane,B+ve,0,0,0,0,1,0,0,0,0,0,0,0,0,0,0
262,BHAVESH KAPURE,33,Dhule,O+,0,0,1,1,1,0,0,0,1,0,0,0,0,0,0
263,BHAVESH PATIL,8,Dhule,B+,0,0,0,0,0,0,1,0,0,0,0,0,0,0,0
264,CHAITANYA SONWANE,12,Dhule,B+,0,0,0,0,0,0,0,0,0,0,0,0,0,0,0
265,CHETANA PAWAR,43,Dhule,B+,1,0,1,0,0,0,0,0,1,1,1,0,0,0,0
266,DARSHAN AHIRE,40,Dhule,AB+,0,0,1,0,1,1,0,0,1,0,0,0,0,0,0
267,HARSHADA DHANGAR,15,Dhule,B+,0,0,0,0,0,0,0,0,0,0,0,0,0,0,0
268,HEMAKSHI DEORE,51,Dhule,B+,1,0,1,0,0,1,0,0,1,1,0,0,0,0,0
269,HEMANT MAGAR,18,Dhule,B+,0,0,0,1,0,0,0,0,0,0,0,0,0,0,0
270,HITESH RAJPUT,24,Pachora,B+ve,0,0,1,1,1,0,0,0,0,0,0,0,0,0,0
271,HITESH MASULE,55,Thane,B+ve,1,0,1,1,0,1,0,0,0,0,0,0,0,1,0
272,HIRAL SHIRSATH,38,Juwardi,B+,0,0,1,0,1,0,0,0,1,0,0,0,0,0,0
273,JAYESH DESALE,15,Juwardi,B+,0,0,0,0,0,0,0,0,1,0,0,0,0,0,0
274,JYOTSNA THAKARE,48,Juwardi,A+,0,1,0,1,0,0,0,0,1,0,0,0,0,1,0
275,KHUSHI PATIL,22,Mumbai,B +ve,0,0,1,1,0,0,0,0,0,0,0,0,1,1,0
276,KUNAL MALI,23,Palghar,A+,0,0,1,1,1,0,0,1,0,0,0,0,0,0,0
277,NIKHIL WANKHEDE,46,Dhule,A+,0,0,1,0,1,1,0,0,1,0,0,0,0,1,0
278,NISHANT DEORE,38,Parola,A+,0,0,0,0,0,1,0,0,1,0,0,0,0,0,0
279,OM MAHAJAN,31,Parola,AB+,0,0,0,0,1,0,0,0,1,0,0,0,0,0,0
280,OM JOSHI,63,Parola,A+,0,1,1,1,0,1,0,0,1,0,0,0,0,1,0
281,PIYUSH POLEPAGWAR,10,Dhule,AB-,0,0,1,1,0,0,0,0,0,0,0,0,0,1,0
282,PRANITA BAGUL,8,Dhule,B+,0,0,1,1,0,0,0,0,0,0,0,0,0,1,0
283,PUJA GAWALI,19,Belgaon,A+,0,0,1,1,0,1,0,1,1,0,0,0,0,0,0
284,PURVA THAKARE,56,Juwardi,A+,0,0,1,1,0,1,0,0,1,0,0,0,0,1,0
285,RASIKA WAGH,80,Juwardi,A+,0,0,1,0,0,1,0,0,1,0,1,0,0,0,0
286,ROHIT BORSE,31,Surat,A+,0,0,0,1,1,0,0,0,1,1,0,0,0,0,0
287,SHANTANU GAVIT,6,Surat,A+,0,0,1,0,0,0,1,0,1,0,0,0,0,0,0
288,SHRIKANT GARANDWAL,2,Surat,A+,0,0,0,0,0,0,1,0,1,0,0,0,0,0,0
289,TEJAS SONWANE,41,Surat,A+,1,1,0,1,0,1,0,0,1,0,1,0,0,1,0
290,URVASHI GAYAKWAD,50,Juwardi,A+,1,0,0,0,0,1,0,0,1,1,1,0,0,0,0
291,VAISHNAVI MARATHE,60,Juwardi,A+,1,1,0,1,0,1,0,0,1,0,1,0,0,0,0
292,VEDANT SURYAWANSHI,22,Dadar,B+,0,0,1,1,1,0,0,0,1,0,1,0,0,0,0
293,VISHAL PAWARA,58,Dadar,B+,0,0,1,1,1,1,0,0,1,0,0,0,0,0,0
